{"TimeStamp":"2025-10-22T22:30:16Z","SiteName":"rowing-api-aseher","RequestId":"7f5d8fe4-af96-11f0-9472-f854f604f54f","Kind":"ZipDeploy","Status":"Success","Details":"{\"Id\":\"51c428a695b64a7181f5a3b1cc3fdce5\",\"Status\":4,\"StatusText\":\"\",\"AuthorEmail\":\"N/A\",\"Author\":\"N/A\",\"Message\":\"Created via a push deployment\",\"Progress\":\"\",\"Deployer\":\"ZipDeploy\",\"ReceivedTime\":\"2025-10-22T22:29:40.7921302Z\",\"StartTime\":\"2025-10-22T22:29:40.8702409Z\",\"EndTime\":\"2025-10-22T22:30:16.3480015Z\",\"LastSuccessEndTime\":\"2025-10-22T22:30:16.3480015Z\",\"Complete\":true,\"IsTemporary\":false,\"IsReadOnly\":true,\"SiteName\":\"rowing-api-aseher\",\"HostName\":\"rowing-api-aseher.scm.azurewebsites.net\",\"ProjectType\":\"ASP.NET CORE CSPROJ MSBUILD 16\",\"VsProjectId\":null}"}