<step title="Incoming Request" date="2025-10-22T22:29:38.823" instance="c45411" url="/api/zipdeploy?isAsync=true" method="POST" type="request" pid="10788,2,7" Cache-Control="no-cache" Connection="Keep-Alive" Content-Length="6791491" Content-Type="application/octet-stream" Accept="*/*" Accept-Encoding="gzip, deflate" Authorization="Bea..." Host="rowing-api-aseher.scm.azurewebsites.net" User-Agent="AZURECLI/2.78.0 (MSI)" x-ms-client-request-id="7f5d8fe4-af96-11f0-9472-f854f604f54f" X-ARR-LOG-ID="7f5d8fe4-af96-11f0-9472-f854f604f54f" CLIENT-IP="192.184.210.249:52441" X-SITE-DEPLOYMENT-ID="rowing-api-aseher" WAS-DEFAULT-HOSTNAME="rowing-api-aseher.scm.azurewebsites.net" X-Forwarded-Proto="https" X-AppService-Proto="https" X-Forwarded-TlsVersion="1.3" X-WAWS-Unencoded-URL="/api/zipdeploy?isAsync=true" X-MS-COLDSTART="1" >
  <step title="ZipPushDeploy" date="2025-10-22T22:29:39.354" >
    <step title="ZipDeploy. Extract zip. Remote build. " date="2025-10-22T22:29:39.369" /><!-- duration: 0ms -->
    <step title="Starting PushDeployAsync" date="2025-10-22T22:29:39.369" /><!-- duration: 16ms -->
    <step title="Updating shutdown sentinel last write time" date="2025-10-22T22:29:39.416" SemaphoreCount="7" /><!-- duration: 16ms -->
    <step title="LockFile &apos;C:\home\site\locks\deployments.lock&apos; acquired" date="2025-10-22T22:29:39.432" /><!-- duration: 0ms -->
    <step title="Saving request content to C:\local\Temp\zipdeploy\txqdvozr.zip" date="2025-10-22T22:29:39.432" >
      <step title="Total 6,791,491 bytes written to C:\local\Temp\zipdeploy\txqdvozr.zip" date="2025-10-22T22:29:39.510" /><!-- duration: 0ms -->
    </step><!-- duration: 78ms -->
    <step title="LockFile &apos;C:\home\site\locks\deployments.lock&apos; released" date="2025-10-22T22:29:39.510" /><!-- duration: 0ms -->
    <step title="Deleting shutdown sentinel file" date="2025-10-22T22:29:39.526" SemaphoreCount="8" /><!-- duration: 0ms -->
    <step title="Starting FetchDeploy" date="2025-10-22T22:29:39.526" /><!-- duration: 16ms -->
    <step title="Start deployment in the background" date="2025-10-22T22:29:39.541" /><!-- duration: 78ms -->
  </step><!-- duration: 266ms -->
  <step title="Outgoing response" date="2025-10-22T22:29:39.651" type="response" statusCode="202" statusText="Accepted" Server="Microsoft-IIS/10.0" x-ms-request-id="7f5d8fe4-af96-11f0-9472-f854f604f54f" Retry-After="30" Cache-Control="private" X-AspNet-Version="4.0.30319" Location="https://rowing-api-aseher.scm.azurewebsites.net/api/deployments/latest?deployer=ZipDeploy&amp;time=2025-10-22_22-29-39Z" /><!-- duration: 16ms -->
</step><!-- duration: 844ms -->
