﻿<?xml version="1.0" encoding="utf-8"?>
<deployment>
  <id>51c428a695b64a7181f5a3b1cc3fdce5</id>
  <author>N/A</author>
  <deployer>ZipDeploy</deployer>
  <authorEmail>N/A</authorEmail>
  <message>Created via a push deployment</message>
  <progress></progress>
  <status>Success</status>
  <statusText></statusText>
  <lastSuccessEndTime>2025-10-22T22:30:16.3480015Z</lastSuccessEndTime>
  <receivedTime>2025-10-22T22:29:40.7921302Z</receivedTime>
  <startTime>2025-10-22T22:29:40.8702409Z</startTime>
  <endTime>2025-10-22T22:30:16.3480015Z</endTime>
  <complete>True</complete>
  <is_temp>False</is_temp>
  <is_readonly>True</is_readonly>
  <project_type>ASP.NET CORE CSPROJ MSBUILD 16</project_type>
  <vsproject_id></vsproject_id>
</deployment>