<Events><Event><System><Provider Name="IIS AspNetCore Module V2"/><EventID>1032</EventID><Level>4</Level><Task>0</Task><Keywords>Keywords</Keywords><TimeCreated SystemTime="2025-10-22T22:31:38Z"/><EventRecordID>566393500</EventRecordID><Channel>Application</Channel><Computer>WEBWK00000W</Computer><Security/></System><EventData><Data>Application 'C:\home\site\wwwroot\' started successfully.</Data><Data>Process Id: 10808.</Data><Data>File Version: 18.0.25232.20. Description: IIS ASP.NET Core Module V2 Request Handler. Commit: </Data></EventData></Event><Event><System><Provider Name="IIS AspNetCore Module V2"/><EventID>1033</EventID><Level>4</Level><Task>0</Task><Keywords>Keywords</Keywords><TimeCreated SystemTime="2025-10-22T22:53:38Z"/><EventRecordID>567712843</EventRecordID><Channel>Application</Channel><Computer>WEBWK00000W</Computer><Security/></System><EventData><Data>Application 'MACHINE/WEBROOT/APPHOST/ROWING-API-ASEHER' has shutdown.</Data><Data>Process Id: 10808.</Data><Data>File Version: 18.0.25232.20. Description: IIS ASP.NET Core Module V2 Request Handler. Commit: </Data></EventData></Event><Event><System><Provider Name="IIS AspNetCore Module V2"/><EventID>1032</EventID><Level>4</Level><Task>0</Task><Keywords>Keywords</Keywords><TimeCreated SystemTime="2025-10-22T23:03:00Z"/><EventRecordID>568275484</EventRecordID><Channel>Application</Channel><Computer>WEBWK00000W</Computer><Security/></System><EventData><Data>Application 'C:\home\site\wwwroot\' started successfully.</Data><Data>Process Id: 7744.</Data><Data>File Version: 18.0.25232.20. Description: IIS ASP.NET Core Module V2 Request Handler. Commit: </Data></EventData></Event><Event><System><Provider Name=".NET Runtime"/><EventID>1000</EventID><Level>1</Level><Task>0</Task><Keywords>Keywords</Keywords><TimeCreated SystemTime="2025-10-22T23:03:02Z"/><EventRecordID>568276953</EventRecordID><Channel>Application</Channel><Computer>WEBWK00000W</Computer><Security/></System><EventData><Data>Category: Microsoft.AspNetCore.Server.IIS.Core.IISHttpServer
EventId: 2
SpanId: 0a042bd9097a392b
TraceId: d2e557100080fe1b80e9ca7f99bcb9f6
ParentId: 0000000000000000
RequestId: 40008b2f-0006-f900-b63f-84710c7967bb
RequestPath: /api/CommonError

Connection ID "17942340942019201838", Request ID "40008b2f-0006-f900-b63f-84710c7967bb": An unhandled exception was thrown by the application.

Exception: 
MySql.Data.MySqlClient.MySqlException (0x80004005): Unable to connect to any of the specified MySQL hosts
 ---&gt; System.Net.Sockets.SocketException (10013): An attempt was made to access a socket in a way forbidden by its access permissions.
   at System.Net.Sockets.Socket.AwaitableSocketAsyncEventArgs.ThrowException(SocketError error, CancellationToken cancellationToken)
   at System.Net.Sockets.Socket.AwaitableSocketAsyncEventArgs.System.Threading.Tasks.Sources.IValueTaskSource.GetResult(Int16 token)
   at System.Net.Sockets.Socket.&lt;ConnectAsync&gt;g__WaitForConnectWithCancellation|285_0(AwaitableSocketAsyncEventArgs saea, ValueTask connectTask, CancellationToken cancellationToken)
   at System.Net.Sockets.TcpClient.CompleteConnectAsync(ValueTask task)
   at MySql.Data.Common.StreamCreator.GetTcpStreamAsync(MySqlConnectionStringBuilder settings, CancellationToken cancellationToken, Boolean execAsync)
   at MySql.Data.Common.StreamCreator.GetStreamAsync(MySqlConnectionStringBuilder settings, CancellationToken cancellationToken, Boolean execAsync)
   at MySql.Data.MySqlClient.NativeDriver.OpenAsync(Boolean execAsync, CancellationToken cancellationToken)
   at MySql.Data.MySqlClient.NativeDriver.OpenAsync(Boolean execAsync, CancellationToken cancellationToken)
   at MySql.Data.MySqlClient.Driver.OpenAsync(Boolean execAsync, CancellationToken cancellationToken)
   at MySql.Data.MySqlClient.Driver.CreateAsync(MySqlConnectionStringBuilder settings, Boolean execAsync, CancellationToken cancellationToken)
   at MySql.Data.MySqlClient.Driver.CreateAsync(MySqlConnectionStringBuilder settings, Boolean execAsync, CancellationToken cancellationToken)
   at MySql.Data.MySqlClient.MySqlPool.CreateNewPooledConnectionAsync(Boolean execAsync, CancellationToken cancellationToken)
   at MySql.Data.MySqlClient.MySqlPool.GetPooledConnectionAsync(Boolean execAsync, CancellationToken cancellationToken)
   at MySql.Data.MySqlClient.MySqlPool.TryToGetDriverAsync(Boolean execAsync, CancellationToken cancellationToken)
   at MySql.Data.MySqlClient.MySqlPool.GetConnectionAsync(Boolean execAsync, CancellationToken cancellationToken)
   at MySql.Data.MySqlClient.MySqlConnection.OpenAsync(Boolean execAsync, CancellationToken cancellationToken)
   at Dapper.SqlMapper.QueryAsync[T](IDbConnection cnn, Type effectiveType, CommandDefinition command) in /_/Dapper/SqlMapper.Async.cs:line 433
   at Rowing.Infrastructure.Repositories.CommonErrorRepository.GetAllCommonErrorsAsync() in C:\local\Temp\zipdeploy\extracted\Rowing.Infrastructure\Repositories\CommonErrorRepository.cs:line 26
   at Rowing.Application.CommonErrors.QueryServices.CommonErrorQueryService.GetAllCommonErrorsAsync() in C:\local\Temp\zipdeploy\extracted\Rowing.Application\UseCases\CommonErrorUseCase\QueryServices\CommonErrorQueryService.cs:line 21
   at Rowing.API.Controllers.CommonErrorController.GetAll() in C:\local\Temp\zipdeploy\extracted\Rowing.API\Controllers\CommonErrorController.cs:line 28
   at lambda_method6(Closure, Object)
   at Microsoft.AspNetCore.Mvc.Infrastructure.ActionMethodExecutor.AwaitableObjectResultExecutor.Execute(ActionContext actionContext, IActionResultTypeMapper mapper, ObjectMethodExecutor executor, Object controller, Object[] arguments)
   at Microsoft.AspNetCore.Mvc.Infrastructure.ControllerActionInvoker.&lt;InvokeActionMethodAsync&gt;g__Awaited|12_0(ControllerActionInvoker invoker, ValueTask`1 actionResultValueTask)
   at Microsoft.AspNetCore.Mvc.Infrastructure.ControllerActionInvoker.&lt;InvokeNextActionFilterAsync&gt;g__Awaited|10_0(ControllerActionInvoker invoker, Task lastTask, State next, Scope scope, Object state, Boolean isCompleted)
   at Microsoft.AspNetCore.Mvc.Infrastructure.ControllerActionInvoker.Rethrow(ActionExecutedContextSealed context)
   at Microsoft.AspNetCore.Mvc.Infrastructure.ControllerActionInvoker.Next(State&amp; next, Scope&amp; scope, Object&amp; state, Boolean&amp; isCompleted)
   at Microsoft.AspNetCore.Mvc.Infrastructure.ControllerActionInvoker.&lt;InvokeInnerFilterAsync&gt;g__Awaited|13_0(ControllerActionInvoker invoker, Task lastTask, State next, Scope scope, Object state, Boolean isCompleted)
   at Microsoft.AspNetCore.Mvc.Infrastructure.ResourceInvoker.&lt;InvokeFilterPipelineAsync&gt;g__Awaited|20_0(ResourceInvoker invoker, Task lastTask, State next, Scope scope, Object state, Boolean isCompleted)
   at Microsoft.AspNetCore.Mvc.Infrastructure.ResourceInvoker.&lt;InvokeAsync&gt;g__Awaited|17_0(ResourceInvoker invoker, Task task, IDisposable scope)
   at Microsoft.AspNetCore.Mvc.Infrastructure.ResourceInvoker.&lt;InvokeAsync&gt;g__Awaited|17_0(ResourceInvoker invoker, Task task, IDisposable scope)
   at Microsoft.AspNetCore.Authorization.AuthorizationMiddleware.Invoke(HttpContext context)
   at Microsoft.AspNetCore.Authentication.AuthenticationMiddleware.Invoke(HttpContext context)
   at Microsoft.AspNetCore.Server.IIS.Core.IISHttpContextOfT`1.ProcessRequestAsync()
</Data></EventData></Event></Events>